{
  "hiddenLayersWidth": 6,
  "hiddenLayersDepth": 6,
  "inputLayer": 3,
  "outputLayer": 3,
  "biases": [
    [
      1.2165405648865595,
      -0.8355407432118582,
      1.342586364194566,
      0.8168909881306987,
      0.03218753336333988,
      0.04814552491131073
    ],
    [
      0.796061506077476,
      0.15946393734911896,
      2.347898637711573,
      -1.4028595877965193,
      -0.8368924773815847,
      -1.2373373181682235
    ],
    [
      -0.07871034078653077,
      0.13249819076226654,
      -0.5714268145911612,
      -0.033127336836663066,
      0.9680274205050756,
      -0.024891171389865775
    ],
    [
      -0.6162211008934839,
      -0.09191284340539047,
      -0.07114859563241596,
      0.03749134908002634,
      -0.17172050925228577,
      -0.04341960118196593
    ],
    [
      0.6779458503792652,
      -0.49830362198861644,
      0.07451736650608104,
      0.012680292147202073,
      -0.020397810407894915,
      -0.2917714155758694
    ],
    [
      -0.04834110716302184,
      -0.07653726304210137,
      -0.050484406272912966,
      -0.16498569382590855,
      0.4132500701813897,
      0.07445598908339401
    ],
    [
      -0.10055736491184869,
      0.5237594624154382,
      -0.24799232895146564
    ]
  ],
  "weights": [
    [
      [
        2.0284525468816303,
        -2.4442637240758818,
        1.3976895225077484
      ],
      [
        -0.3718952970260764,
        -0.5444993047389337,
        0.7193041339986826
      ],
      [
        2.8130268354396466,
        -3.540406998433119,
        1.6466871002008832
      ],
      [
        -1.80566342115213,
        1.3605916808306397,
        0.9079506612366941
      ],
      [
        4.840303705938802,
        -5.438320012130834,
        0.6323450298525036
      ],
      [
        0.5217264692704741,
        -1.0479748332123715,
        0.16627780610461487
      ]
    ],
    [
      [
        -0.8275543042139325,
        -1.1807589137493315,
        -1.0902597697043062,
        0.25421476152683237,
        -1.826410865771799,
        0.7750605368467771
      ],
      [
        0.705551552307059,
        -0.8734307007794364,
        0.16845353780526437,
        -0.7739850877637457,
        -0.22376745058282307,
        -0.4180684304233667
      ],
      [
        0.03405309350954656,
        0.061139880329054166,
        -1.8886863304013948,
        1.5871630326726494,
        -2.3907006905145622,
        -0.41708853089372805
      ],
      [
        1.4026838170297726,
        0.492670215980407,
        1.251280491145824,
        -0.16291669007481577,
        2.035112447790301,
        -0.2688645111632463
      ],
      [
        0.6565835484854811,
        -0.08283679935700311,
        -0.03943266143856599,
        -0.13631053991446135,
        1.6696856228389882,
        0.06445320275382652
      ],
      [
        0.6590620915186574,
        0.1442241408393315,
        0.6762597219822114,
        0.3540036077280119,
        1.9919038393942683,
        0.48268746876060337
      ]
    ],
    [
      [
        -0.4216046895850489,
        -0.2606545417572431,
        -0.2592807890423429,
        -0.2824127872255674,
        -0.17431690187319968,
        0.7869652719328721
      ],
      [
        0.29325080154495115,
        -0.5384912670658737,
        1.3426275219839106,
        -0.08724731280667969,
        -1.235707915848032,
        -0.28008378831048114
      ],
      [
        -1.0712223299858705,
        -0.9468533180442292,
        0.41758169811758694,
        -0.06968015648607188,
        -0.5361743105202543,
        0.21695742567579976
      ],
      [
        -1.7095535676771962,
        -0.7221325585634197,
        -1.6034808016529447,
        1.6366392723071703,
        0.9890293322640308,
        0.8640181333329742
      ],
      [
        0.3190425660898257,
        0.2730643528611919,
        1.1485059133886661,
        -1.796020531196697,
        -1.3379536491467543,
        0.2926839759008992
      ],
      [
        1.23360598688673,
        0.9170761682176827,
        -0.22384763504116537,
        -1.349418497611533,
        -0.6387081518223898,
        0.11481070289346876
      ]
    ],
    [
      [
        0.22711235712913821,
        0.49483908841646795,
        1.0198814361904731,
        -1.754668502418932,
        0.9118843300696452,
        0.7158517329706633
      ],
      [
        0.8771775753378418,
        -0.5591037667092618,
        0.9760143337962603,
        -0.5774538108031566,
        0.4919752360328466,
        0.7538699607361624
      ],
      [
        0.16843146158081296,
        -0.9281579366319607,
        0.08240045330063805,
        0.8810671955599181,
        0.3986484980120118,
        0.15073111707120762
      ],
      [
        0.6479661109030808,
        -0.7845538791869103,
        0.7393882700517379,
        1.2558498592113376,
        -0.5629290624407348,
        0.40535607005082347
      ],
      [
        -0.5022198696637543,
        -0.14599187530334767,
        0.6329944609359767,
        0.1825609607780749,
        -0.4909519221388814,
        -0.6380041697060357
      ],
      [
        0.7245669370092281,
        0.09666361253891952,
        -0.7426085045693498,
        -0.6797410218767156,
        -0.16657705986667878,
        0.6466820807791707
      ]
    ],
    [
      [
        -1.7259520264632562,
        -0.8832224596788547,
        0.14019982409470846,
        1.244767747247359,
        -0.5582963091738641,
        0.051976065426267884
      ],
      [
        2.1701126053744386,
        0.8109602684029021,
        -0.18916598408801613,
        -0.803074595008867,
        0.1430487847727212,
        -0.8401090088336401
      ],
      [
        0.5717590424765658,
        0.7103140916833445,
        0.08265925039582889,
        0.7408581308423113,
        0.2654222192099413,
        -0.7635027258485441
      ],
      [
        0.6428510948650853,
        0.6485732613746561,
        0.8938311877426505,
        0.020109079791716,
        0.6008150259725352,
        -0.810273953643962
      ],
      [
        -0.9922547107900436,
        -0.17327176038156272,
        0.7838693131080832,
        1.299466238910761,
        -0.8705477853744887,
        -0.8474911686491202
      ],
      [
        1.1894798920245553,
        0.4386483983033539,
        0.3531975154144862,
        -0.1730931924797017,
        0.2853592198047625,
        -0.790266803654967
      ]
    ],
    [
      [
        0.2834102119423651,
        0.4392207496390541,
        -0.2120417086616247,
        0.054811106924853865,
        0.002035464035557258,
        0.6873635194347297
      ],
      [
        -0.5130756518404211,
        -0.4505669328832295,
        -0.14630974992073498,
        0.2789952053805441,
        0.1406091458189904,
        -0.6868076440256254
      ],
      [
        -0.7357702087823289,
        1.6261856958317373,
        -0.37314922937936995,
        0.8664397595332637,
        -0.8863539739962703,
        -0.03199405940956571
      ],
      [
        1.4498798304304832,
        -1.4208352305731264,
        0.09343250827520853,
        -0.591917092324246,
        1.3160550698314217,
        -0.5712771028993555
      ],
      [
        1.550365360331313,
        -0.8775417955234963,
        -0.09592272298912634,
        -0.24771483586002918,
        -0.20030891003089749,
        -1.1227648068780571
      ],
      [
        -0.24486918210528105,
        -0.0966895593996616,
        -0.42564904127260167,
        0.8220703156219851,
        -0.12208744508356816,
        -0.11539938521145994
      ]
    ],
    [
      [
        0.006805720292429005,
        -0.8813630039029102,
        -1.3187080142098628,
        1.3576670212125106,
        0.871690474093595,
        0.6387221461252393
      ],
      [
        0.615417825409284,
        -0.7040869012743464,
        1.92092424414299,
        -1.9640500808215076,
        -1.4787361933967251,
        0.8252478858623566
      ],
      [
        0.7187188601872307,
